title,link,date
,,
Student Interview: Pair Programming And Company Projects,/blog/student-interview-pair-programming-and-company-projects,9/3/2019
,,
Getting Acquainted With A Production Code Base,/blog/getting-up-to-speed-on-a-production-code-base,6/18/2019
,,
"Staff Spotlight - Zach DeRossette, Career Coach",/blog/staff-spotlight-zach-derossette,5/22/2019
,,
Student Interview: Lena Ryoo on Company Projects,/blog/student-interview-lena-ryoo,5/15/2019
,,
Debugging Like a Scientist,/blog/debugging-like-a-scientist,4/29/2019
,,
The Benefits of Code Reviews,/blog/benefits-of-code-reviews,3/29/2019
,,
Three More JavaScript Mistakes That Beginners Make,/blog/three-more-js-mistakes-that-beginners-make,3/7/2019
,,
Alumni Spotlight: Miranda Howitt,/blog/alumni-spotlight-miranda,2/12/2019
,,
Alumni Spotlight: Kristen Lingwood,/blog/alumni-spotlight-kristen,2/6/2019
,,
Alumni Spotlight: Tyler Ketron,/blog/alumni-spotlight-tyler,1/30/2019
